,Grup,Ürün,Ağırlık,Group_Number,Ana Grup,Üçlü,Dörtlü
0,"Çeşitli küçük aksesuarlar (pil, ampul vb.)",Ampul,0.0007558202012296,75,Ev eşyası,Ev ve bahçe araç gereçleri,Küçük araçlar ve çeşitli aksesuarlar
1,"Fırın, ocak ve fırınlı ocak",Ankastre Fırın,0.0003085184836984,67,Ev eşyası,Ev aletleri,Elektrikli ve elektriksiz büyük ev aletleri
2,"Fırın, ocak ve fırınlı ocak",Ankastre Mikrodalga Fırın,0.0008280013645529,67,Ev eşyası,Ev aletleri,Elektrikli ve elektriksiz büyük ev aletleri
3,"Fırın, ocak ve fırınlı ocak",Ankastre Ocak (Set Üstü) ,0.000587885622829,67,Ev eşyası,Ev aletleri,Elektrikli ve elektriksiz büyük ev aletleri
4,Kuru meyve ve sert kabuklu yemişler,Antep Fıstığı,0.0005290309132495,22,Gıda ve alkolsüz içecekler,Gıda,Meyveler
5,Kişisel ulaştırma araçları ile ilgili diğer hizmetler (köprü ve otoban geçiş ücretleri dahil),Araba Kiralama Ücreti,0.0007220510207876,96,Ulaştırma,Kişisel ulaştırma araçlarının işletimi,Kişisel ulaştırma araçları ile ilgili diğer hizmetler
6,Kişisel ulaştırma araçlarının bakım ve onarımı,Araçların  Tamirine ve Bakımına Ödenen Ücretler (İşçilik),0.0015205481518959,95,Ulaştırma,Kişisel ulaştırma araçlarının işletimi,Kişisel ulaştırma araçlarının bakım ve onarımı
7,Taze meyveler,Armut,0.0007078239151005,21,Gıda ve alkolsüz içecekler,Gıda,Meyveler
8,Kuru meyve ve sert kabuklu yemişler,Ay Çekirdeği,0.0019431407015379,22,Gıda ve alkolsüz içecekler,Gıda,Meyveler
9,Erkek ayakkabısı,Ayakkabı (Erkek için),0.0025580438910967,49,Giyim ve ayakkabı,Ayakkabı,Ayakkabı ve diğer ayak giyecekleri
10,Kadın ayakkabısı,Ayakkabı (Kadın için),0.0022115304412327,50,Giyim ve ayakkabı,Ayakkabı,Ayakkabı ve diğer ayak giyecekleri
11,Çocuk ve bebek ayakkabısı,Ayakkabı (Çocuk için),0.0005412283222725,51,Giyim ve ayakkabı,Ayakkabı,Ayakkabı ve diğer ayak giyecekleri
12,Ayakkabı bakım ve tamiri,Ayakkabı Tamiri (Erkek),5.786657969782271e-05,52,Giyim ve ayakkabı,Ayakkabı,Ayakkabı onarımı ve kiralanması
13,"Alkolsüz içecekler (meşrubat, ayran vb.)",Ayran,0.0004734206259941,36,Gıda ve alkolsüz içecekler,Alkolsüz içecekler,"Maden suyu, alkolsüz içecekler, meyve ve sebze suları"
14,"Lokanta, pastane, kafe vb. yerlerde içilen içecekler",Ayran (Servis edilen),0.0014056481482893,129,Lokanta ve oteller,Yemek hizmetleri,Yiyecek ve içecek hizmetleri
15,Taze meyveler,Ayva,0.0002626038687839,21,Gıda ve alkolsüz içecekler,Gıda,Meyveler
16,"Sıvı yağlar (zeytinyağı, ayçiçek yağı)",Ayçiçek Yağı,0.0095429960711826,20,Gıda ve alkolsüz içecekler,Gıda,Katı ve sıvı yağlar
17,"Kişisel hijyen ve bakım için kullanılan ürünler, kozmetikler",Ağız ve Diş Bakımı Ürünleri,0.001469115005811,135,Çeşitli mal ve hizmetler,Kişisel bakım,"Kişisel bakımda kullanılan diğer aletler, ürünler ve eşyalar"
18,Konutun bakım ve onarımı için malzemeler,Badana ve Boya Malzemeleri,0.0038049895584636,54,"Konut,Su,Elektrik,Gaz ve Diğer Yakıtlar",Konutun bakım ve onarımı,Konutun bakım ve onarımı için malzemeler
19,Kuru meyve ve sert kabuklu yemişler,Badem İçi,0.0004748791243849,22,Gıda ve alkolsüz içecekler,Gıda,Meyveler
20,"Başka yerde sınıflandırılamayan diğer gıda ürünleri (tuz, sirke, ketçap, mayonez vb.)",Baharat,0.0015249858216282,31,Gıda ve alkolsüz içecekler,Gıda,Başka yerde sınıflandırılamayan diğer gıda ürünleri
21,"Diğer fırıncılık ürünleri (bisküvi, kek, kraker, yufka, baklava vb.)",Baklava,0.0040294090181995,4,Gıda ve alkolsüz içecekler,Gıda,Ekmek ve tahıllar
22,"Reçel, marmelat, bal vb. ürünler",Bal,0.0013959796163327,28,Gıda ve alkolsüz içecekler,Gıda,"Şeker, reçel, bal, çikolata ve şekerlemeler"
23,Taze balık,Balık,0.0038907777449225,12,Gıda ve alkolsüz içecekler,Gıda,Balık
24,Başka yerde sınıflandırılmayan diğer mali hizmetler (para havale ücreti vb.),Banka ile Para Havale Ücreti,5.615810762165941e-05,143,Çeşitli mal ve hizmetler,Başka yerde sınıflandırılmayan mali hizmetler,Başka yerde sınıflandırılmayan diğer mali hizmetler
25,Ev tekstili,Battaniye,0.0001907857931535,64,Ev eşyası,Ev içi tekstil,Ev içi tekstil
26,Başka yerde sınıflandırılmamış diğer kişisel aksesuarlar,Bebek Arabası,0.0013545604466569,138,Çeşitli mal ve hizmetler,Başka yerde sınıflandırılamayan kişisel bakım ürünleri,Diğer kişisel aksesuarlar
27,"Kişisel hijyen ve bakım için kullanılan ürünler, kozmetikler",Bebek Bezi,0.0042449645522937,135,Çeşitli mal ve hizmetler,Kişisel bakım,"Kişisel bakımda kullanılan diğer aletler, ürünler ve eşyalar"
28,Bebek giyim,Bebek Pijaması,0.0003689380011353,46,Giyim ve ayakkabı,Giyim,Giysiler
29,Un ve diğer tahıllar,Bebek Sütü (Toz Karışım),0.0010395686786034,2,Gıda ve alkolsüz içecekler,Gıda,Ekmek ve tahıllar
30,Bebek giyim,Bebek Tulumu,0.0003768437979785,46,Giyim ve ayakkabı,Giyim,Giysiler
31,Bebek giyim,Bebek İç Çamaşırı,0.0005463668161679,46,Giyim ve ayakkabı,Giyim,Giysiler
32,Otobüs ile şehir içi yolcu taşımacılığı,Belediye Otobüs Ücreti,0.0019443058951501,99,Ulaştırma,Ulaştırma hizmetleri,Karayolu ile yolcu taşımacılığı
33,"Kişisel ulaştırma araçlarının yakıt ve yağları (benzin, motorin, motor yağı)",Benzin,0.0113685817394746,94,Ulaştırma,Kişisel ulaştırma araçlarının işletimi,Kişisel ulaştırma araçlarının yakıt ve yağları
34,Taze sebzeler (patates hariç),Beyaz Lahana,0.0005469544163741,23,Gıda ve alkolsüz içecekler,Gıda,Sebze
35,Peynir,Beyaz Peynir,0.0081072045649134,16,Gıda ve alkolsüz içecekler,Gıda,"Süt, peynir ve yumurta"
36,Bilgisayar ve ekipmanları,Bilgisayar,0.0016397565975533,109,Eğlence ve kültür,"Görsel-işitsel sistemle (audıo-vısual), fotoğrafla ve veri işlemle ile ilgili ekipman",Veri işlem ekipmanı
37,Bilgisayar ve ekipmanları,Bilgisayar Ekipmanları,0.0009064533330531,109,Eğlence ve kültür,"Görsel-işitsel sistemle (audıo-vısual), fotoğrafla ve veri işlemle ile ilgili ekipman",Veri işlem ekipmanı
38,Bira,Bira,0.0015226639166493,40,Alkollü içecekler ve tütün,Alkollü içecekler,Bira
39,Bisikletler,Bisiklet,0.0006420799137748,92,Ulaştırma,Araç satın alımı,Bisikletler
40,"Diğer fırıncılık ürünleri (bisküvi, kek, kraker, yufka, baklava vb.)",Bisküvi,0.003242797058624,4,Gıda ve alkolsüz içecekler,Gıda,Ekmek ve tahıllar
41,Çay ve bitki çayları,Bitki ve Meyve Çayı (Poşet),0.0001119313922158,33,Gıda ve alkolsüz içecekler,Alkolsüz içecekler,"Kahve, çay ve kakao"
42,Erkek ayakkabısı,Bot (Erkek için),0.0007200505261296,49,Giyim ve ayakkabı,Ayakkabı,Ayakkabı ve diğer ayak giyecekleri
43,Kadın ayakkabısı,Bot (Kadın için),0.001335643613998,50,Giyim ve ayakkabı,Ayakkabı,Ayakkabı ve diğer ayak giyecekleri
44,Çocuk ve bebek ayakkabısı,Bot (Çocuk için),0.000578056469083,51,Giyim ve ayakkabı,Ayakkabı,Ayakkabı ve diğer ayak giyecekleri
45,"Ev ile ilgili diğer temizlik malzemeleri (bulaşık süngeri, çöp torbası vb.)",Bulaşık Bezleri,0.0001580788254462,78,Ev eşyası,Ev bakım için mal ve hizmetler,Dayanıksız ev malzemeleri
46,Çamaşır ve bulaşık makineleri,Bulaşık Makinesi,0.0026450073236131,66,Ev eşyası,Ev aletleri,Elektrikli ve elektriksiz büyük ev aletleri
47,"Ev ile ilgili temizlik malzemeleri (deterjan, yumuşatıcı vb.)",Bulaşık İçin Temizlik ve Bakım Ürünleri,0.0037448473218603,77,Ev eşyası,Ev bakım için mal ve hizmetler,Dayanıksız ev malzemeleri
48,Un ve diğer tahıllar,Bulgur,0.0012358635970182,2,Gıda ve alkolsüz içecekler,Gıda,Ekmek ve tahıllar
49,"Lokanta, pastane, kafe vb. yerlerde yenen yemekler",Burgerler,0.010907391763223,128,Lokanta ve oteller,Yemek hizmetleri,Yiyecek ve içecek hizmetleri
50,Un ve diğer tahıllar,Buğday Unu,0.0042259608545055,2,Gıda ve alkolsüz içecekler,Gıda,Ekmek ve tahıllar
51,"Cam, porselen, seramik vb. mutfak eşyaları",Cam Ev Eşyası,0.0011962439912585,72,Ev eşyası,"Züccaciye, yemek takımı ve hanehalkı aletleri","Züccaciye, yemek takımı ve hanehalkı aletleri"
52,Erkek giyim,Ceket (Erkek için),0.0009020975856196,43,Giyim ve ayakkabı,Giyim,Giysiler
53,Kadın giyim,Ceket (Kadın için),0.000856385322198,44,Giyim ve ayakkabı,Giyim,Giysiler
54,Telefon (mobil ve sabit hat) ve internet ücretleri,Cep Telefonu Görüşme Ücreti,0.021879888577718,107,Haberleşme,Telefon ve telefaks hizmetleri,Telefon ve telefaks hizmetleri
55,Kuru meyve ve sert kabuklu yemişler,Ceviz İçi,0.0021760415451273,22,Gıda ve alkolsüz içecekler,Gıda,Meyveler
56,"Kişisel hijyen ve bakım için kullanılan ürünler, kozmetikler",Cilt ve Vücut Ürünleri,0.0019637320507177,135,Çeşitli mal ve hizmetler,Kişisel bakım,"Kişisel bakımda kullanılan diğer aletler, ürünler ve eşyalar"
57,"Konserve edilmiş veya işlenmiş sebze içerikli ürünler (salça, turşu, zeytin vb. dahil)",Cipsler,0.0016230550128953,26,Gıda ve alkolsüz içecekler,Gıda,Sebze
58,Dana eti,Dana Eti,0.0239961213232787,7,Gıda ve alkolsüz içecekler,Gıda,Et
59,Klima ve ısıtıcılar,Davlumbaz,0.0002456974937954,68,Ev eşyası,Ev aletleri,Elektrikli ve elektriksiz büyük ev aletleri
60,"Kişisel hijyen ve bakım için kullanılan ürünler, kozmetikler",Deodorant,0.0005663460509126,135,Çeşitli mal ve hizmetler,Kişisel bakım,"Kişisel bakımda kullanılan diğer aletler, ürünler ve eşyalar"
61,Taze sebzeler (patates hariç),Dereotu,0.0001765790301878,23,Gıda ve alkolsüz içecekler,Gıda,Sebze
62,"Buzdolabı, derin dondurucu",Derin Dondurucu,0.0028529384451779,65,Ev eşyası,Ev aletleri,Elektrikli ve elektriksiz büyük ev aletleri
63,Kitaplar,Diğer Kitaplar,0.0018254962336684,120,Eğlence ve kültür,"Gazete, kitap ve kırtasiye",Kitaplar
64,Taze sebzeler (patates hariç),Dolmalık Biber,0.0006678142728519,23,Gıda ve alkolsüz içecekler,Gıda,Sebze
65,Taze sebzeler (patates hariç),Domates,0.0103083826264502,23,Gıda ve alkolsüz içecekler,Gıda,Sebze
66,Dondurma,Dondurma,0.0017007646186467,30,Gıda ve alkolsüz içecekler,Gıda,"Şeker, reçel, bal, çikolata ve şekerlemeler"
67,Doğalgaz ve ilgili abonelik ücretleri,Doğalgaz Ücreti,0.0213556835649857,57,"Konut,Su,Elektrik,Gaz ve Diğer Yakıtlar","Elektrik, gaz ve diğer yakıtlar",Gaz
68,Ekmek,Ekmek,0.0249994966068017,3,Gıda ve alkolsüz içecekler,Gıda,Ekmek ve tahıllar
69,"Diğer fırıncılık ürünleri (bisküvi, kek, kraker, yufka, baklava vb.)",Ekmek Hamuru (Yufka),0.0011803949610241,4,Gıda ve alkolsüz içecekler,Gıda,Ekmek ve tahıllar
70,"Lokanta, pastane, kafe vb. yerlerde yenen yemekler",Ekmekarası Yiyecekler (Döner),0.0117302057394861,128,Lokanta ve oteller,Yemek hizmetleri,Yiyecek ve içecek hizmetleri
71,Kadın giyim,Elbise (Kadın için),0.004662094687845,44,Giyim ve ayakkabı,Giyim,Giysiler
72,Çocuk giyim,Elbise (Çocuk için),0.0007296794608585,45,Giyim ve ayakkabı,Giyim,Giysiler
73,Elektrik,Elektrik Ücreti,0.0204749553133368,56,"Konut,Su,Elektrik,Gaz ve Diğer Yakıtlar","Elektrik, gaz ve diğer yakıtlar",Elektrik
74,Elektrikli küçük ev aletleri,Elektrikli Kesici Aletler (Blender),0.0006884570308604,70,Ev eşyası,Ev aletleri,Elektrikli küçük ev aletleri
75,Elektrikli küçük ev aletleri,Elektrikli Küçük Ev Aletleri (Tost Makinası),0.0004346955216915,70,Ev eşyası,Ev aletleri,Elektrikli küçük ev aletleri
76,Kişisel bakımda kullanılan elektrikli aletler,Elektrikli Saç Bakım Aletleri,0.0005348241926284,134,Çeşitli mal ve hizmetler,Kişisel bakım,Kişisel bakımda kullanılan elektrikli aletler
77,Diğer büyük ev aletleri (elektrikli süpürge vb.),Elektrikli Süpürge,0.0028062065152652,69,Ev eşyası,Ev aletleri,Elektrikli ve elektriksiz büyük ev aletleri
78,Taze meyveler,Elma,0.0029594974978316,21,Gıda ve alkolsüz içecekler,Gıda,Meyveler
79,Erkekler için kuaförlük hizmetleri,Erkek Berberi,0.0034021658573756,132,Çeşitli mal ve hizmetler,Kişisel bakım,Kuaförler ve kişisel bakım merkezleri
80,Erkek giyim,Erkek Mont,0.0015129034090624,43,Giyim ve ayakkabı,Giyim,Giysiler
81,Kadın giyim,Etek,0.0014486144471819,44,Giyim ve ayakkabı,Giyim,Giysiler
82,Evcil hayvanlar ile ilgili ürünler,Evcil Hayvanlar İçin Gıda Harcamaları,0.0022599603766899,114,Eğlence ve kültür,"Diğer eğlence araçları ve malzemeleri, bahçe ve evcil hayvanlara ilişkin ürünler, hizmetler",Evcil hayvanlar ve bununla ilgili diğer ürünler
83,"Diğer giyim eşyaları ve aksesuarları (kravat, kemer, eşarp vb.)",Eşarp,0.0011564586298372,47,Giyim ve ayakkabı,Giyim,Diğer giysi çeşitleri ve giysi aksesuarları
84,Erkek giyim,Eşofman (Erkek için),0.00092415684192,43,Giyim ve ayakkabı,Giyim,Giysiler
85,Kadın giyim,Eşofman (Kadın için),0.0011369828782792,44,Giyim ve ayakkabı,Giyim,Giysiler
86,Çocuk giyim,Eşofman (Çocuk için),0.0016490021149854,45,Giyim ve ayakkabı,Giyim,Giysiler
87,"Reçel, marmelat, bal vb. ürünler",Fındık Ezmesi,0.0001374633521131,28,Gıda ve alkolsüz içecekler,Gıda,"Şeker, reçel, bal, çikolata ve şekerlemeler"
88,Kuru meyve ve sert kabuklu yemişler,Fındık İçi,0.0007921313396635,22,Gıda ve alkolsüz içecekler,Gıda,Meyveler
89,"Alkolsüz içecekler (meşrubat, ayran vb.)",Gazoz Meyveli,0.0006084369193008,36,Gıda ve alkolsüz içecekler,Alkolsüz içecekler,"Maden suyu, alkolsüz içecekler, meyve ve sebze suları"
90,Yatak odası mobilyaları,Genç Odası Takımı,0.0008416997881413,61,Ev eşyası,"Mobilya, mefruşat, halı ve diğer yer döşemeleri",Mobilya ve mefruşat
91,"Diğer fırıncılık ürünleri (bisküvi, kek, kraker, yufka, baklava vb.)",Gofret,0.0017325444483261,4,Gıda ve alkolsüz içecekler,Gıda,Ekmek ve tahıllar
92,Erkek giyim,Gömlek (Erkek için),0.0027555643108085,43,Giyim ve ayakkabı,Giyim,Giysiler
93,Kadın giyim,Gömlek (Kadın için),0.0014286121601335,44,Giyim ve ayakkabı,Giyim,Giysiler
94,Çocuk giyim,Gömlek (Çocuk için),0.0003689162383745,45,Giyim ve ayakkabı,Giyim,Giysiler
95,Ev içi hizmetler (gündelikçi ücreti),Gündelikçi Ücreti,0.004737186330093,79,Ev eşyası,Ev bakım için mal ve hizmetler,Ev işi ve hanehalkı hizmetleri
96,Halı,Halı,0.0015708395298336,63,Ev eşyası,"Mobilya, mefruşat, halı ve diğer yer döşemeleri",Halı ve diğer yer döşemeleri
97,Ev eşyalarının yıkanması ve temizlenmesi hizmetleri,Halı Temizleme,0.0011665238677276,80,Ev eşyası,Ev bakım için mal ve hizmetler,Ev işi ve hanehalkı hizmetleri
98,Ev tekstili,Havlu,0.0005629214275707,64,Ev eşyası,Ev içi tekstil,Ev içi tekstil
99,Taze sebzeler (patates hariç),Havuç,0.0010172536086964,23,Gıda ve alkolsüz içecekler,Gıda,Sebze
100,"Şarküteri ürünleri (sucuk, sosis, salam vb.)",Hazır Et Yemekleri,0.0011391812858275,11,Gıda ve alkolsüz içecekler,Gıda,Et
101,Kahve,Hazır Kahve,0.0008190197944806,32,Gıda ve alkolsüz içecekler,Alkolsüz içecekler,"Kahve, çay ve kakao"
102,"Başka yerde sınıflandırılamayan diğer gıda ürünleri (tuz, sirke, ketçap, mayonez vb.)",Hazır Pakette Toz Tatlılar (Puding),0.0002582279057544,31,Gıda ve alkolsüz içecekler,Gıda,Başka yerde sınıflandırılamayan diğer gıda ürünleri
103,"Diğer süt ürünleri (yoğurt, hazır sütlü tatlı vb.)",Hazır Sütlü Tatlılar,0.0002553337816862,15,Gıda ve alkolsüz içecekler,Gıda,"Süt, peynir ve yumurta"
104,"Lokanta, pastane, kafe vb. yerlerde yenen yemekler","Hazır Yemekler (Pilav, Kuru Fasulye)",0.0134336032253955,128,Lokanta ve oteller,Yemek hizmetleri,Yiyecek ve içecek hizmetleri
105,"Başka yerde sınıflandırılamayan diğer gıda ürünleri (tuz, sirke, ketçap, mayonez vb.)",Hazır Çorbalar,0.0004026070697995,31,Gıda ve alkolsüz içecekler,Gıda,Başka yerde sınıflandırılamayan diğer gıda ürünleri
106,"Kişisel hijyen ve bakım için kullanılan ürünler, kozmetikler",Hijyenik Kadın Bağı,0.0008959699940686,135,Çeşitli mal ve hizmetler,Kişisel bakım,"Kişisel bakımda kullanılan diğer aletler, ürünler ve eşyalar"
107,"Ev ile ilgili temizlik malzemeleri (deterjan, yumuşatıcı vb.)",Hijyenik Zeminler İçin Temizlik ve Bakım Ürünleri,0.0011785948080555,77,Ev eşyası,Ev bakım için mal ve hizmetler,Dayanıksız ev malzemeleri
108,Kadın giyim,Hırka (Kadın için),0.0008571582501306,44,Giyim ve ayakkabı,Giyim,Giysiler
109,Taze sebzeler (patates hariç),Ispanak,0.0009351528439583,23,Gıda ve alkolsüz içecekler,Gıda,Sebze
110,Taze sebzeler (patates hariç),Kabak,0.0007782214945923,23,Gıda ve alkolsüz içecekler,Gıda,Sebze
111,Kuru meyve ve sert kabuklu yemişler,Kabak Çekirdeği,0.0003676342558432,22,Gıda ve alkolsüz içecekler,Gıda,Meyveler
112,Erkek giyim,Kaban (Erkek için),0.0003361104093691,43,Giyim ve ayakkabı,Giyim,Giysiler
113,Kadın giyim,Kaban (Kadın için),0.0012361746286426,44,Giyim ve ayakkabı,Giyim,Giysiler
114,Çocuk giyim,Kaban Anorak (Çocuk için),0.0001113943523353,45,Giyim ve ayakkabı,Giyim,Giysiler
115,"Başka yerde sınıflandırılamayan diğer gıda ürünleri (tuz, sirke, ketçap, mayonez vb.)",Kabartma Maddeleri,0.0002404922221647,31,Gıda ve alkolsüz içecekler,Gıda,Başka yerde sınıflandırılamayan diğer gıda ürünleri
116,Kadınlar için kuaförlük hizmetleri,Kadın Berberi,0.0029564622943428,133,Çeşitli mal ve hizmetler,Kişisel bakım,Kuaförler ve kişisel bakım merkezleri
117,Kahve,Kahve,0.0012150153458792,32,Gıda ve alkolsüz içecekler,Alkolsüz içecekler,"Kahve, çay ve kakao"
118,Toz kakao,Kakao,5.548022117774977e-05,34,Gıda ve alkolsüz içecekler,Alkolsüz içecekler,"Kahve, çay ve kakao"
119,Toz kakao,Kakaolu Toz İçecekler,1.616165752420794e-05,34,Gıda ve alkolsüz içecekler,Alkolsüz içecekler,"Kahve, çay ve kakao"
120,Kırtasiye malzemeleri,Kalem,0.0003660119084851,122,Eğlence ve kültür,"Gazete, kitap ve kırtasiye",Kırtasiye ve çizim malzemeleri
121,Evle ilgili küçük bakım-tamir mal ve hizmetleri,"Kapı Aksesuarları (Anahtar, Kilit)",0.0004255605109954,76,Ev eşyası,Ev ve bahçe araç gereçleri,Küçük araçlar ve çeşitli aksesuarlar
122,"Diğer satın alınan ulaştırma hizmetleri (nakliye, kargo vb.)",Kargo Gönderme Ücreti,0.0002286950019086,104,Ulaştırma,Ulaştırma hizmetleri,Diğer satınalınan ulaştırma hizmetleri
123,Taze sebzeler (patates hariç),Karnabahar,0.0006162757786437,23,Gıda ve alkolsüz içecekler,Gıda,Sebze
124,Taze meyveler,Karpuz,0.0030406732969904,21,Gıda ve alkolsüz içecekler,Gıda,Meyveler
125,Taze meyveler,Kavun,0.0013976814976585,21,Gıda ve alkolsüz içecekler,Gıda,Meyveler
126,Erkek giyim,Kazak (Erkek için),0.0013173597668453,43,Giyim ve ayakkabı,Giyim,Giysiler
127,Kadın giyim,Kazak (Kadın için),0.0033049258487782,44,Giyim ve ayakkabı,Giyim,Giysiler
128,Çocuk giyim,Kazak (Çocuk için),0.0007510057393933,45,Giyim ve ayakkabı,Giyim,Giysiler
129,Çikolata ve şekerlemeler,Kağıtlı Şeker,0.0018973085076035,29,Gıda ve alkolsüz içecekler,Gıda,"Şeker, reçel, bal, çikolata ve şekerlemeler"
130,Peynir,Kaşar Peyniri,0.0037986330484401,16,Gıda ve alkolsüz içecekler,Gıda,"Süt, peynir ve yumurta"
131,Çatal-bıçak takımı,"Kaşık, Çatal, Bıçak Takımı (Çelik)",0.0004443056227324,73,Ev eşyası,"Züccaciye, yemek takımı ve hanehalkı aletleri","Züccaciye, yemek takımı ve hanehalkı aletleri"
132,"Lokanta, pastane, kafe vb. yerlerde yenen yemekler",Kebaplar,0.0101256686652838,128,Lokanta ve oteller,Yemek hizmetleri,Yiyecek ve içecek hizmetleri
133,"Diğer fırıncılık ürünleri (bisküvi, kek, kraker, yufka, baklava vb.)",Kek,0.0009085630999223,4,Gıda ve alkolsüz içecekler,Gıda,Ekmek ve tahıllar
134,"Diğer giyim eşyaları ve aksesuarları (kravat, kemer, eşarp vb.)",Kemer,0.0004261638321763,47,Giyim ve ayakkabı,Giyim,Diğer giysi çeşitleri ve giysi aksesuarları
135,Şeker,Kesme Şeker,0.0005187666856226,27,Gıda ve alkolsüz içecekler,Gıda,"Şeker, reçel, bal, çikolata ve şekerlemeler"
136,"Başka yerde sınıflandırılamayan diğer gıda ürünleri (tuz, sirke, ketçap, mayonez vb.)",Ketçap,0.0002890649169664,31,Gıda ve alkolsüz içecekler,Gıda,Başka yerde sınıflandırılamayan diğer gıda ürünleri
137,Gerçek kira,Kiracı Tarafından Ödenen Gerçek Kira,0.0776323250899497,53,"Konut,Su,Elektrik,Gaz ve Diğer Yakıtlar",Gerçek kira,Kiracı tarafından ödenen gerçek kira
138,Taze meyveler,Kivi,0.0002100043584529,21,Gıda ve alkolsüz içecekler,Gıda,Meyveler
139,Klima ve ısıtıcılar,Klima,0.0015022557388561,68,Ev eşyası,Ev aletleri,Elektrikli ve elektriksiz büyük ev aletleri
140,"Alkolsüz içecekler (meşrubat, ayran vb.)",Kola,0.0022149776010189,36,Gıda ve alkolsüz içecekler,Alkolsüz içecekler,"Maden suyu, alkolsüz içecekler, meyve ve sebze suları"
141,"Kişisel hijyen ve bakım için kullanılan ürünler, kozmetikler",Kolonya,0.0005476289275183,135,Çeşitli mal ve hizmetler,Kişisel bakım,"Kişisel bakımda kullanılan diğer aletler, ürünler ve eşyalar"
142,Klima ve ısıtıcılar,Kombi,0.0018661250155735,68,Ev eşyası,Ev aletleri,Elektrikli ve elektriksiz büyük ev aletleri
143,Konserve edilmiş veya işlenmiş balık,Konserve Balık,0.0002835577057439,13,Gıda ve alkolsüz içecekler,Gıda,Balık
144,"Konserve edilmiş veya işlenmiş sebze içerikli ürünler (salça, turşu, zeytin vb. dahil)",Konserveler,0.0002964732949345,26,Gıda ve alkolsüz içecekler,Gıda,Sebze
145,"Diğer fırıncılık ürünleri (bisküvi, kek, kraker, yufka, baklava vb.)",Kraker,0.0006656344218325,4,Gıda ve alkolsüz içecekler,Gıda,Ekmek ve tahıllar
146,"Diğer giyim eşyaları ve aksesuarları (kravat, kemer, eşarp vb.)",Kravat,0.0001221859766533,47,Giyim ve ayakkabı,Giyim,Diğer giysi çeşitleri ve giysi aksesuarları
147,Peynir,Krem Peynir,0.0006109784314266,16,Gıda ve alkolsüz içecekler,Gıda,"Süt, peynir ve yumurta"
148,Kuru baklagiller,Kuru Fasulye,0.0010492513404494,25,Gıda ve alkolsüz içecekler,Gıda,Sebze
149,Kuru meyve ve sert kabuklu yemişler,Kuru Kayısı,0.0003798975700708,22,Gıda ve alkolsüz içecekler,Gıda,Meyveler
150,Taze sebzeler (patates hariç),Kuru Soğan,0.0034586936164146,23,Gıda ve alkolsüz içecekler,Gıda,Sebze
151,Giyim eşyalarının temizlenmesi ve tadilatı,Kuru Temizleme Ücreti,0.0004138486942138,48,Giyim ve ayakkabı,Giyim,"Kuru temizleme, giysi onarımı, dikişi ve kiralanması"
152,Kuru meyve ve sert kabuklu yemişler,Kuru Üzüm,0.000385123866595,22,Gıda ve alkolsüz içecekler,Gıda,Meyveler
153,Kuzu eti,Kuzu Eti,0.0099218820131355,8,Gıda ve alkolsüz içecekler,Gıda,Et
154,"Katı yakıtlar (odun, kömür)",Kömür Ücreti,0.0066757870879895,59,"Konut,Su,Elektrik,Gaz ve Diğer Yakıtlar","Elektrik, gaz ve diğer yakıtlar",Katı yakıtlar
155,Kişisel ulaştırma araçları ile ilgili diğer hizmetler (köprü ve otoban geçiş ücretleri dahil),Köprü Geçiş Ücreti,5.386090036107548e-05,96,Ulaştırma,Kişisel ulaştırma araçlarının işletimi,Kişisel ulaştırma araçları ile ilgili diğer hizmetler
156,Taze sebzeler (patates hariç),Kırmızı Lahana,0.0002132229345235,23,Gıda ve alkolsüz içecekler,Gıda,Sebze
157,Taze sebzeler (patates hariç),Kırmızı Turp,0.0002232747106542,23,Gıda ve alkolsüz içecekler,Gıda,Sebze
158,Taze sebzeler (patates hariç),Kıvırcık,0.0010158998860969,23,Gıda ve alkolsüz içecekler,Gıda,Sebze
159,"Kişisel ulaştırma araçlarının yakıt ve yağları (benzin, motorin, motor yağı)",LPG (Araba Tüpü Dolum)  Ücreti,0.0106917228586934,94,Ulaştırma,Kişisel ulaştırma araçlarının işletimi,Kişisel ulaştırma araçlarının yakıt ve yağları
160,Kuru meyve ve sert kabuklu yemişler,Leblebi,0.0004292677134787,22,Gıda ve alkolsüz içecekler,Gıda,Meyveler
161,Taze meyveler,Limon,0.0014840025667212,21,Gıda ve alkolsüz içecekler,Gıda,Meyveler
162,Çikolata ve şekerlemeler,Lokum,0.0008253027951843,29,Gıda ve alkolsüz içecekler,Gıda,"Şeker, reçel, bal, çikolata ve şekerlemeler"
163,Su ve maden suyu,Maden Suyu ve Sodası,0.0007946072896894,35,Gıda ve alkolsüz içecekler,Alkolsüz içecekler,"Maden suyu, alkolsüz içecekler, meyve ve sebze suları"
164,Makarna çeşitleri,Makarna,0.0028473760950788,5,Gıda ve alkolsüz içecekler,Gıda,Ekmek ve tahıllar
165,"Kişisel hijyen ve bakım için kullanılan ürünler, kozmetikler",Makyaj Malzemeleri,0.0010516135426586,135,Çeşitli mal ve hizmetler,Kişisel bakım,"Kişisel bakımda kullanılan diğer aletler, ürünler ve eşyalar"
166,Taze meyveler,Mandalina,0.0020505096252774,21,Gıda ve alkolsüz içecekler,Gıda,Meyveler
167,Taze sebzeler (patates hariç),Mantar,0.0007629005124566,23,Gıda ve alkolsüz içecekler,Gıda,Sebze
168,Margarin,Margarin,0.0007911285342455,19,Gıda ve alkolsüz içecekler,Gıda,Katı ve sıvı yağlar
169,Taze sebzeler (patates hariç),Maydanoz,0.000782680795784,23,Gıda ve alkolsüz içecekler,Gıda,Sebze
170,"Başka yerde sınıflandırılamayan diğer gıda ürünleri (tuz, sirke, ketçap, mayonez vb.)",Mayonez,0.0002151030921664,31,Gıda ve alkolsüz içecekler,Gıda,Başka yerde sınıflandırılamayan diğer gıda ürünleri
171,"Kişisel hijyen ve bakım için kullanılan ürünler, kozmetikler",Mendil,0.0011164261629864,135,Çeşitli mal ve hizmetler,Kişisel bakım,"Kişisel bakımda kullanılan diğer aletler, ürünler ve eşyalar"
172,Kuru baklagiller,Mercimek,0.0012316693464602,25,Gıda ve alkolsüz içecekler,Gıda,Sebze
173,Demiryolu ile şehir içi yolcu taşımacılığı,Metro Ücreti,3.368626596126945e-05,97,Ulaştırma,Ulaştırma hizmetleri,Demiryolu ile yolcu taşımacılığı
174,Meyve ve sebze suları,Meyve Suyu,0.0011851153075287,37,Gıda ve alkolsüz içecekler,Alkolsüz içecekler,"Maden suyu, alkolsüz içecekler, meyve ve sebze suları"
175,"Kişisel ulaştırma araçlarının yakıt ve yağları (benzin, motorin, motor yağı)",Motor Yağları,0.0003459502620767,94,Ulaştırma,Kişisel ulaştırma araçlarının işletimi,Kişisel ulaştırma araçlarının yakıt ve yağları
176,"Kişisel ulaştırma araçlarının yakıt ve yağları (benzin, motorin, motor yağı)",Motorin,0.0155711810816131,94,Ulaştırma,Kişisel ulaştırma araçlarının işletimi,Kişisel ulaştırma araçlarının yakıt ve yağları
177,Motosikletler,Motorsiklet,0.0046040633408167,91,Ulaştırma,Araç satın alımı,Motosikletler
178,Taze meyveler,Muz,0.0040582400537255,21,Gıda ve alkolsüz içecekler,Gıda,Meyveler
179,"Mücevheratlar, saat ve kol saatleri",Mücevher (Altın),0.0046050998682061,136,Çeşitli mal ve hizmetler,Başka yerde sınıflandırılamayan kişisel bakım ürünleri,"Mücevherler, saat ve kol saatleri"
180,Müzik enstrümanları,Müzik Aletleri ,0.0008494933712957,111,Eğlence ve kültür,Diğer temel dayanıklı eğlence ve kültür araçları,Müzik enstrümanları ve kapalı yerlerde kullanılan temel eğlence araçları
181,Taze sebzeler (patates hariç),Nane,0.0001198928706388,23,Gıda ve alkolsüz içecekler,Gıda,Sebze
182,Taze meyveler,Nar,0.0003619364406941,21,Gıda ve alkolsüz içecekler,Gıda,Meyveler
183,Ev tekstili,Nevresim Takımı,0.0013427866171621,64,Ev eşyası,Ev içi tekstil,Ev içi tekstil
184,"Buzdolabı, derin dondurucu",No-Frost Buzdolabı,0.0056796077132518,65,Ev eşyası,Ev aletleri,Elektrikli ve elektriksiz büyük ev aletleri
185,Kuru baklagiller,Nohut,0.0006645170500753,25,Gıda ve alkolsüz içecekler,Gıda,Sebze
186,"Katı yakıtlar (odun, kömür)",Odun Ücreti,0.0021902014239301,59,"Konut,Su,Elektrik,Gaz ve Diğer Yakıtlar","Elektrik, gaz ve diğer yakıtlar",Katı yakıtlar
187,Kırtasiye malzemeleri,Okul Defteri,0.0004353944537182,122,Eğlence ve kültür,"Gazete, kitap ve kırtasiye",Kırtasiye ve çizim malzemeleri
188,Seyahat malzemeleri ve diğer kişisel aksesuarlar,Okul Çantası,0.0006113628823522,137,Çeşitli mal ve hizmetler,Başka yerde sınıflandırılamayan kişisel bakım ürünleri,Diğer kişisel aksesuarlar
189,"Otel, pansyion vb. yerlerde konaklama hizmetleri",Otel Ücreti,0.005705012916787,130,Lokanta ve oteller,Konaklama hizmetleri,Konaklama hizmetleri
190,Kişisel ulaştırma araçları ile ilgili diğer hizmetler (köprü ve otoban geçiş ücretleri dahil),Otoban Geçiş Ücreti,0.0001165749272527,96,Ulaştırma,Kişisel ulaştırma araçlarının işletimi,Kişisel ulaştırma araçları ile ilgili diğer hizmetler
191,Benzinli ve elektrikli otomobiller (sıfır km),Otomobil (Benzinli),0.0609647976622065,90,Ulaştırma,Araç satın alımı,Motorlu araçlar
192,Dizel otomobiller (sıfır km),Otomobil (Dizel),0.0074740470173834,89,Ulaştırma,Araç satın alımı,Motorlu araçlar
193,Kişisel ulaştırma araçları ile ilgili diğer hizmetler (köprü ve otoban geçiş ücretleri dahil),Otopark Ücreti,0.0003806227525186,96,Ulaştırma,Kişisel ulaştırma araçlarının işletimi,Kişisel ulaştırma araçları ile ilgili diğer hizmetler
194,Yemek odası ve oturma odası mobilyaları,Oturma Odası Takımı,0.0077865708644681,62,Ev eşyası,"Mobilya, mefruşat, halı ve diğer yer döşemeleri",Mobilya ve mefruşat
195,"Oyunlar, oyuncaklar ve hobiler",Oyuncak,0.0010800569836595,112,Eğlence ve kültür,"Diğer eğlence araçları ve malzemeleri, bahçe ve evcil hayvanlara ilişkin ürünler, hizmetler","Oyunlar, oyuncaklar ve hobiler"
196,Erkek giyim,Pantolon (Erkek için),0.006255989476837,43,Giyim ve ayakkabı,Giyim,Giysiler
197,Kadın giyim,Pantolon (Kadın için),0.0047468617309621,44,Giyim ve ayakkabı,Giyim,Giysiler
198,Çocuk giyim,Pantolon (Çocuk için),0.0022601414290094,45,Giyim ve ayakkabı,Giyim,Giysiler
199,Kadın giyim,Pardösü (Kadın için),0.0004904011652699,44,Giyim ve ayakkabı,Giyim,Giysiler
200,"Kişisel hijyen ve bakım için kullanılan ürünler, kozmetikler",Parfüm,0.0013882800501955,135,Çeşitli mal ve hizmetler,Kişisel bakım,"Kişisel bakımda kullanılan diğer aletler, ürünler ve eşyalar"
201,"Diğer fırıncılık ürünleri (bisküvi, kek, kraker, yufka, baklava vb.)",Pasta,0.0032353873547824,4,Gıda ve alkolsüz içecekler,Gıda,Ekmek ve tahıllar
202,"Lokanta, pastane, kafe vb. yerlerde yenen yemekler",Pastane Ürünleri,0.0038666529370048,128,Lokanta ve oteller,Yemek hizmetleri,Yiyecek ve içecek hizmetleri
203,Patates,Patates,0.0019521600867578,24,Gıda ve alkolsüz içecekler,Gıda,Sebze
204,Taze sebzeler (patates hariç),Patlıcan,0.0022353695617994,23,Gıda ve alkolsüz içecekler,Gıda,Sebze
205,"Reçel, marmelat, bal vb. ürünler",Pekmez,0.0004880258115638,28,Gıda ve alkolsüz içecekler,Gıda,"Şeker, reçel, bal, çikolata ve şekerlemeler"
206,Ev tekstili,Perde,0.0006080043926565,64,Ev eşyası,Ev içi tekstil,Ev içi tekstil
207,"Lokanta, pastane, kafe vb. yerlerde yenen yemekler",Pideler,0.0076096540634004,128,Lokanta ve oteller,Yemek hizmetleri,Yiyecek ve içecek hizmetleri
208,Erkek giyim,Pijama (Erkek için),0.0002387424324831,43,Giyim ve ayakkabı,Giyim,Giysiler
209,Kadın giyim,Pijama (Kadın için),0.0009580201305098,44,Giyim ve ayakkabı,Giyim,Giysiler
210,Çocuk giyim,Pijama (Çocuk için),0.0004284631709998,45,Giyim ve ayakkabı,Giyim,Giysiler
211,Ev tekstili,Pike Takımı,0.0004963546624877,64,Ev eşyası,Ev içi tekstil,Ev içi tekstil
212,"Çeşitli küçük aksesuarlar (pil, ampul vb.)",Pil,0.0003788081564082,75,Ev eşyası,Ev ve bahçe araç gereçleri,Küçük araçlar ve çeşitli aksesuarlar
213,Pirinç,Pirinç,0.0031850917142281,1,Gıda ve alkolsüz içecekler,Gıda,Ekmek ve tahıllar
214,"Lokanta, pastane, kafe vb. yerlerde yenen yemekler",Pizzalar,0.003249078994166,128,Lokanta ve oteller,Yemek hizmetleri,Yiyecek ve içecek hizmetleri
215,"Elektriksiz mutfak eşyaları ve ev gereçleri (tencere, tava, çaydanlık vb.)",Plastik Mutfak Eşyaları,0.0009279915155675,74,Ev eşyası,"Züccaciye, yemek takımı ve hanehalkı aletleri","Züccaciye, yemek takımı ve hanehalkı aletleri"
216,"Cam, porselen, seramik vb. mutfak eşyaları",Porselen Ev Eşyası,0.001537438526093,72,Ev eşyası,"Züccaciye, yemek takımı ve hanehalkı aletleri","Züccaciye, yemek takımı ve hanehalkı aletleri"
217,Taze meyveler,Portakal,0.0021652854409251,21,Gıda ve alkolsüz içecekler,Gıda,Meyveler
218,Taze sebzeler (patates hariç),Pırasa,0.0005498713414002,23,Gıda ve alkolsüz içecekler,Gıda,Sebze
219,"Alkollü içecekler (rakı, viski, votka vb.)",Rakı,0.0010649500209272,38,Alkollü içecekler ve tütün,Alkollü içecekler,İçkiler
220,Kırtasiye malzemeleri,Resim Boyaları,0.0002299361462891,122,Eğlence ve kültür,"Gazete, kitap ve kırtasiye",Kırtasiye ve çizim malzemeleri
221,"Reçel, marmelat, bal vb. ürünler",Reçel,0.0003242855329145,28,Gıda ve alkolsüz içecekler,Gıda,"Şeker, reçel, bal, çikolata ve şekerlemeler"
222,Taze sebzeler (patates hariç),Roka,0.0002222691158484,23,Gıda ve alkolsüz içecekler,Gıda,Sebze
223,"Mücevheratlar, saat ve kol saatleri",Saat,0.0006409077690905,136,Çeşitli mal ve hizmetler,Başka yerde sınıflandırılamayan kişisel bakım ürünleri,"Mücevherler, saat ve kol saatleri"
224,"Kişisel hijyen ve bakım için kullanılan ürünler, kozmetikler",Sabun,0.0004328187944407,135,Çeşitli mal ve hizmetler,Kişisel bakım,"Kişisel bakımda kullanılan diğer aletler, ürünler ve eşyalar"
225,Diğer etler ve yenilebilir sakatatlar,Sakatat,0.000685519680816,10,Gıda ve alkolsüz içecekler,Gıda,Et
226,Çikolata ve şekerlemeler,Sakız,0.0004931643023196,29,Gıda ve alkolsüz içecekler,Gıda,"Şeker, reçel, bal, çikolata ve şekerlemeler"
227,"Şarküteri ürünleri (sucuk, sosis, salam vb.)",Salam,0.0009364771852861,11,Gıda ve alkolsüz içecekler,Gıda,Et
228,Taze sebzeler (patates hariç),Salatalık,0.0041058473182025,23,Gıda ve alkolsüz içecekler,Gıda,Sebze
229,"Konserve edilmiş veya işlenmiş sebze içerikli ürünler (salça, turşu, zeytin vb. dahil)",Salça,0.0020334354200471,26,Gıda ve alkolsüz içecekler,Gıda,Sebze
230,Taze sebzeler (patates hariç),Sarımsak,0.0007818204933383,23,Gıda ve alkolsüz içecekler,Gıda,Sebze
231,"Kişisel hijyen ve bakım için kullanılan ürünler, kozmetikler",Saç Bakım Ürünleri,0.0035982236147225,135,Çeşitli mal ve hizmetler,Kişisel bakım,"Kişisel bakımda kullanılan diğer aletler, ürünler ve eşyalar"
232,"Oyunlar, oyuncaklar ve hobiler",Scooter (Çocuk),0.0011547546700673,112,Eğlence ve kültür,"Diğer eğlence araçları ve malzemeleri, bahçe ve evcil hayvanlara ilişkin ürünler, hizmetler","Oyunlar, oyuncaklar ve hobiler"
233,Yemek odası ve oturma odası mobilyaları,Sehpa,0.0002341549057956,62,Ev eşyası,"Mobilya, mefruşat, halı ve diğer yer döşemeleri",Mobilya ve mefruşat
234,Sigaralar,Sigaralar,0.0369832663638708,41,Alkollü içecekler ve tütün,Tütün,Tütün
235,"Başka yerde sınıflandırılamayan diğer gıda ürünleri (tuz, sirke, ketçap, mayonez vb.)",Sirke,0.0003253376600386,31,Gıda ve alkolsüz içecekler,Gıda,Başka yerde sınıflandırılamayan diğer gıda ürünleri
236,Taze sebzeler (patates hariç),Sivri Biber,0.002361929863958,23,Gıda ve alkolsüz içecekler,Gıda,Sebze
237,Klima ve ısıtıcılar,Soba,0.0003346268429236,68,Ev eşyası,Ev aletleri,Elektrikli ve elektriksiz büyük ev aletleri
238,"Şarküteri ürünleri (sucuk, sosis, salam vb.)",Sosis,0.000529939224695,11,Gıda ve alkolsüz içecekler,Gıda,Et
239,"Alkolsüz içecekler (meşrubat, ayran vb.)",Soğuk Çay,0.0002792277489209,36,Gıda ve alkolsüz içecekler,Alkolsüz içecekler,"Maden suyu, alkolsüz içecekler, meyve ve sebze suları"
240,"Lokanta, pastane, kafe vb. yerlerde içilen içecekler",Soğuk İçecekler (Servis edilen),0.0007915840683913,129,Lokanta ve oteller,Yemek hizmetleri,Yiyecek ve içecek hizmetleri
241,Erkek ayakkabısı,Spor Ayakkabısı (Erkek için),0.003312769464092,49,Giyim ve ayakkabı,Ayakkabı,Ayakkabı ve diğer ayak giyecekleri
242,Kadın ayakkabısı,Spor Ayakkabısı (Kadın için),0.0023658923805136,50,Giyim ve ayakkabı,Ayakkabı,Ayakkabı ve diğer ayak giyecekleri
243,Çocuk ve bebek ayakkabısı,Spor Ayakkabısı (Çocuk için),0.0016863990501952,51,Giyim ve ayakkabı,Ayakkabı,Ayakkabı ve diğer ayak giyecekleri
244,"Spor, kamp ve açık hava eğlence malzemeleri",Sporla İlgili Aletler (Futbol Topu),0.0011447952443995,113,Eğlence ve kültür,"Diğer eğlence araçları ve malzemeleri, bahçe ve evcil hayvanlara ilişkin ürünler, hizmetler","Spor, kamp ve açık hava eğlence malzemeleri"
245,Ev tekstili,Stor Perde,0.0009268423101015,64,Ev eşyası,Ev içi tekstil,Ev içi tekstil
246,Su ve maden suyu,Su,0.0033149263755632,35,Gıda ve alkolsüz içecekler,Alkolsüz içecekler,"Maden suyu, alkolsüz içecekler, meyve ve sebze suları"
247,Su (şebeke suyu),Su Faturası,0.0224336936868396,55,"Konut,Su,Elektrik,Gaz ve Diğer Yakıtlar",Su (Şebeke suyu) ve konutla ilgili çeşitli hizmetler,Su (şebeke suyu)
248,"Şarküteri ürünleri (sucuk, sosis, salam vb.)",Sucuk,0.004845127776369,11,Gıda ve alkolsüz içecekler,Gıda,Et
249,Erkek giyim,Sweatshirt (Erkek için),0.0006553347727931,43,Giyim ve ayakkabı,Giyim,Giysiler
250,Kadın giyim,Sweatshirt (Kadın için),0.0008550304800434,44,Giyim ve ayakkabı,Giyim,Giysiler
251,Çocuk giyim,Sweatshirt (Çocuk için),0.0006484488876361,45,Giyim ve ayakkabı,Giyim,Giysiler
252,Kişisel ulaştırma araçları ile ilgili diğer hizmetler (köprü ve otoban geçiş ücretleri dahil),Sürücü Eğitim Kurs Ücreti,0.0009492414896187,96,Ulaştırma,Kişisel ulaştırma araçlarının işletimi,Kişisel ulaştırma araçları ile ilgili diğer hizmetler
253,Süt,Süt,0.0066571136722747,14,Gıda ve alkolsüz içecekler,Gıda,"Süt, peynir ve yumurta"
254,Elektrikli küçük ev aletleri,Sıcak İçecek Makinaları,0.0010874746382939,70,Ev eşyası,Ev aletleri,Elektrikli küçük ev aletleri
255,"Lokanta, pastane, kafe vb. yerlerde içilen içecekler",Sıcak İçecekler (Servis edilen),0.0123620279952802,129,Lokanta ve oteller,Yemek hizmetleri,Yiyecek ve içecek hizmetleri
256,Bilgisayar ve ekipmanları,Tablet (Bilgisayar),0.0001884755248127,109,Eğlence ve kültür,"Görsel-işitsel sistemle (audıo-vısual), fotoğrafla ve veri işlemle ile ilgili ekipman",Veri işlem ekipmanı
257,"Başka yerde sınıflandırılamayan diğer gıda ürünleri (tuz, sirke, ketçap, mayonez vb.)",Tahin,0.0005470156942729,31,Gıda ve alkolsüz içecekler,Gıda,Başka yerde sınıflandırılamayan diğer gıda ürünleri
258,"Reçel, marmelat, bal vb. ürünler",Tahin Helvası,0.000534082608721,28,Gıda ve alkolsüz içecekler,Gıda,"Şeker, reçel, bal, çikolata ve şekerlemeler"
259,Kahvaltılık tahıl ürünleri,Tahıl Gevreği,0.0004991554541202,6,Gıda ve alkolsüz içecekler,Gıda,Ekmek ve tahıllar
260,Erkek giyim,Takım Elbise (Erkek için),0.0016963898367283,43,Giyim ve ayakkabı,Giyim,Giysiler
261,Tavuk eti,Tavuk Eti,0.0148476318608723,9,Gıda ve alkolsüz içecekler,Gıda,Et
262,Çocuk giyim,Tayt (Çocuk için),0.0004472738096396,45,Giyim ve ayakkabı,Giyim,Giysiler
263,Taze sebzeler (patates hariç),Taze Fasulye,0.0015764735680759,23,Gıda ve alkolsüz içecekler,Gıda,Sebze
264,"Elektriksiz mutfak eşyaları ve ev gereçleri (tencere, tava, çaydanlık vb.)",Teflon Mutfak Eşyaları,0.0004456592078317,74,Ev eşyası,"Züccaciye, yemek takımı ve hanehalkı aletleri","Züccaciye, yemek takımı ve hanehalkı aletleri"
265,Mutfak mobilyaları,Tek Masa,0.0018573914186498,60,Ev eşyası,"Mobilya, mefruşat, halı ve diğer yer döşemeleri",Mobilya ve mefruşat
266,Mutfak mobilyaları,Tek Sandalye,0.0019556186643626,60,Ev eşyası,"Mobilya, mefruşat, halı ve diğer yer döşemeleri",Mobilya ve mefruşat
267,"Mobil telefon, ekipman ve aksesuarları",Telefon Ekipmanları (Cep Telefonu),0.0113132475894199,106,Haberleşme,Telefon ve telefaks ekipmanı,Telefon ve telefaks ekipmanı
268,"Mobil telefon, ekipman ve aksesuarları",Telefon Onarım Ücreti,0.0007615117822205,106,Haberleşme,Telefon ve telefaks ekipmanı,Telefon ve telefaks ekipmanı
269,Televizyonlar,Televizyon,0.0062058024209437,108,Eğlence ve kültür,"Görsel-işitsel sistemle (audıo-vısual), fotoğrafla ve veri işlemle ile ilgili ekipman","Ses alma, kayıt, ses ve resim kopyalama ile ilgili ekipman"
270,Tereyağı,Tereyağı (Kahvaltılık),0.0036406676407777,18,Gıda ve alkolsüz içecekler,Gıda,Katı ve sıvı yağlar
271,Kadın ayakkabısı,Terlik (Kadın için),0.0009777399007239,50,Giyim ve ayakkabı,Ayakkabı,Ayakkabı ve diğer ayak giyecekleri
272,Kitaplar,Test Kitapları,0.0017642666686134,120,Eğlence ve kültür,"Gazete, kitap ve kırtasiye",Kitaplar
273,Erkek giyim,Tişört (Erkek için),0.0026316452549122,43,Giyim ve ayakkabı,Giyim,Giysiler
274,Kadın giyim,Tişört (Kadın için),0.0032404342589213,44,Giyim ve ayakkabı,Giyim,Giysiler
275,Çocuk giyim,Tişört (Çocuk için),0.0022792202449658,45,Giyim ve ayakkabı,Giyim,Giysiler
276,Şeker,Toz Şeker,0.0033335139207544,27,Gıda ve alkolsüz içecekler,Gıda,"Şeker, reçel, bal, çikolata ve şekerlemeler"
277,Demiryolu ile şehir içi yolcu taşımacılığı,Tramvay Ücreti,2.580953825261547e-05,97,Ulaştırma,Ulaştırma hizmetleri,Demiryolu ile yolcu taşımacılığı
278,Peynir,Tulum Peyniri,0.0015667433809962,16,Gıda ve alkolsüz içecekler,Gıda,"Süt, peynir ve yumurta"
279,"Konserve edilmiş veya işlenmiş sebze içerikli ürünler (salça, turşu, zeytin vb. dahil)",Turşu,0.0003475719344247,26,Gıda ve alkolsüz içecekler,Gıda,Sebze
280,"Kişisel hijyen ve bakım için kullanılan ürünler, kozmetikler",Tuvalet Kağıdı,0.0025959438068625,135,Çeşitli mal ve hizmetler,Kişisel bakım,"Kişisel bakımda kullanılan diğer aletler, ürünler ve eşyalar"
281,"Kişisel hijyen ve bakım için kullanılan ürünler, kozmetikler",Tuvalet ve Güzellik Sabunu,0.0013605215309195,135,Çeşitli mal ve hizmetler,Kişisel bakım,"Kişisel bakımda kullanılan diğer aletler, ürünler ve eşyalar"
282,"Başka yerde sınıflandırılamayan diğer gıda ürünleri (tuz, sirke, ketçap, mayonez vb.)",Tuz,0.0004238666288051,31,Gıda ve alkolsüz içecekler,Gıda,Başka yerde sınıflandırılamayan diğer gıda ürünleri
283,Ev tekstili,Tül,0.0005533387427622,64,Ev eşyası,Ev içi tekstil,Ev içi tekstil
284,Tüpgaz (ev tüpü),Tüp Gaz Ücreti,0.0052212439656821,58,"Konut,Su,Elektrik,Gaz ve Diğer Yakıtlar","Elektrik, gaz ve diğer yakıtlar",Gaz
285,"Kişisel hijyen ve bakım için kullanılan ürünler, kozmetikler",Tıraş Malzemeleri,0.0005906550037542,135,Çeşitli mal ve hizmetler,Kişisel bakım,"Kişisel bakımda kullanılan diğer aletler, ürünler ve eşyalar"
286,"Ayakta tedavi hizmetleri (muayene ücreti, muayene katkı payı vb.)",Uzman Doktor Muayene Ücreti,0.0074706861500762,85,Sağlık,Ayakta tedavi hizmetleri,Tıbbi hizmetler
287,Havayolu ile yolcu taşımacılığı,Uçak Bileti Ücreti,0.0021472442839231,102,Ulaştırma,Ulaştırma hizmetleri,Havayolu ile yolcu taşımacılığı
288,Deniz ve yurt içi su yolu ile yolcu taşımacılığı,Vapur Bilet Ücreti ,0.0003976588093578,103,Ulaştırma,Ulaştırma hizmetleri,Deniz ve yurtiçi su yolu ile yolcu taşımacılığı
289,Evcil hayvanlarla ilgili veterinerlik ve diğer hizmetler,Veteriner Ücreti,0.0003214613346904,115,Eğlence ve kültür,"Diğer eğlence araçları ve malzemeleri, bahçe ve evcil hayvanlara ilişkin ürünler, hizmetler",Evcil hayvanlarla ilgili veterinerlik ve diğer hizmetler
290,"Alkollü içecekler (rakı, viski, votka vb.)",Viski,0.0003429406059616,38,Alkollü içecekler ve tütün,Alkollü içecekler,İçkiler
291,Ev tekstili,Yastık,0.0002667941445989,64,Ev eşyası,Ev içi tekstil,Ev içi tekstil
292,Yatak odası mobilyaları,Yatak (Tek Kişilik),0.0005646454409376,61,Ev eşyası,"Mobilya, mefruşat, halı ve diğer yer döşemeleri",Mobilya ve mefruşat
293,Yatak odası mobilyaları,Yatak (Çift Kişilik),0.0011124544228496,61,Ev eşyası,"Mobilya, mefruşat, halı ve diğer yer döşemeleri",Mobilya ve mefruşat
294,Yatak odası mobilyaları,Yatak Bazası,0.0010614570421853,61,Ev eşyası,"Mobilya, mefruşat, halı ve diğer yer döşemeleri",Mobilya ve mefruşat
295,Yatak odası mobilyaları,Yatak Odası Takımı,0.003427847122572,61,Ev eşyası,"Mobilya, mefruşat, halı ve diğer yer döşemeleri",Mobilya ve mefruşat
296,Ev tekstili,Yatak Örtüsü,0.0004401107371668,64,Ev eşyası,Ev içi tekstil,Ev içi tekstil
297,Yemek odası ve oturma odası mobilyaları,Yemek Odası Takımı,0.001598032209468,62,Ev eşyası,"Mobilya, mefruşat, halı ve diğer yer döşemeleri",Mobilya ve mefruşat
298,Kuru meyve ve sert kabuklu yemişler,Yer Fıstığı,0.001028794938787,22,Gıda ve alkolsüz içecekler,Gıda,Meyveler
299,Konutun bakım ve onarımı için malzemeler,Yer ve Duvar Döşemesi,0.0024269097422734,54,"Konut,Su,Elektrik,Gaz ve Diğer Yakıtlar",Konutun bakım ve onarımı,Konutun bakım ve onarımı için malzemeler
300,Ev tekstili,Yorgan,0.0002858529821734,64,Ev eşyası,Ev içi tekstil,Ev içi tekstil
301,"Diğer süt ürünleri (yoğurt, hazır sütlü tatlı vb.)",Yoğurt,0.005277384189696,15,Gıda ve alkolsüz içecekler,Gıda,"Süt, peynir ve yumurta"
302,Yumurta,Yumurta,0.0076017161172134,17,Gıda ve alkolsüz içecekler,Gıda,"Süt, peynir ve yumurta"
303,"Konserve edilmiş veya işlenmiş sebze içerikli ürünler (salça, turşu, zeytin vb. dahil)",Zeytin,0.0046502577479239,26,Gıda ve alkolsüz içecekler,Gıda,Sebze
304,"Sıvı yağlar (zeytinyağı, ayçiçek yağı)",Zeytinyağı,0.0046085740771758,20,Gıda ve alkolsüz içecekler,Gıda,Katı ve sıvı yağlar
305,Çamaşır ve bulaşık makineleri,Çamaşır Makinesi,0.0056750954991213,66,Ev eşyası,Ev aletleri,Elektrikli ve elektriksiz büyük ev aletleri
306,"Ev ile ilgili temizlik malzemeleri (deterjan, yumuşatıcı vb.)",Çamaşır İçin Temizlik ve Bakım Ürünleri,0.0082508286318776,77,Ev eşyası,Ev bakım için mal ve hizmetler,Dayanıksız ev malzemeleri
307,Seyahat malzemeleri ve diğer kişisel aksesuarlar,Çanta (Kadın İçin),0.0011406940061599,137,Çeşitli mal ve hizmetler,Başka yerde sınıflandırılamayan kişisel bakım ürünleri,Diğer kişisel aksesuarlar
308,Taze sebzeler (patates hariç),Çarliston Biber,0.0007053723548966,23,Gıda ve alkolsüz içecekler,Gıda,Sebze
309,Çay ve bitki çayları,Çay,0.0067418982020446,33,Gıda ve alkolsüz içecekler,Alkolsüz içecekler,"Kahve, çay ve kakao"
310,"Elektriksiz mutfak eşyaları ve ev gereçleri (tencere, tava, çaydanlık vb.)",Çelik Mutfak Eşyaları,0.0014036994187319,74,Ev eşyası,"Züccaciye, yemek takımı ve hanehalkı aletleri","Züccaciye, yemek takımı ve hanehalkı aletleri"
311,Çikolata ve şekerlemeler,Çikolata Krem,0.001965353067135,29,Gıda ve alkolsüz içecekler,Gıda,"Şeker, reçel, bal, çikolata ve şekerlemeler"
312,Çikolata ve şekerlemeler,Çikolata Tablet,0.0032647311925823,29,Gıda ve alkolsüz içecekler,Gıda,"Şeker, reçel, bal, çikolata ve şekerlemeler"
313,Taze meyveler,Çilek,0.000979865922874,21,Gıda ve alkolsüz içecekler,Gıda,Meyveler
314,"Lokanta, pastane, kafe vb. yerlerde yenen yemekler",Çiğ Köfte,0.0040800807920706,128,Lokanta ve oteller,Yemek hizmetleri,Yiyecek ve içecek hizmetleri
315,Kitaplar,Çocuk Kitapları,0.0003615973175262,120,Eğlence ve kültür,"Gazete, kitap ve kırtasiye",Kitaplar
316,Erkek giyim,Çorap (Erkek için),0.000743251748998,43,Giyim ve ayakkabı,Giyim,Giysiler
317,Kadın giyim,Çorap (Kadın için),0.0009652218677402,44,Giyim ve ayakkabı,Giyim,Giysiler
318,Çocuk giyim,Çorap (Çocuk için),0.0006312963727014,45,Giyim ve ayakkabı,Giyim,Giysiler
319,"Lokanta, pastane, kafe vb. yerlerde yenen yemekler",Çorbalar,0.0033812586749157,128,Lokanta ve oteller,Yemek hizmetleri,Yiyecek ve içecek hizmetleri
320,"Diğer giyim eşyaları ve aksesuarları (kravat, kemer, eşarp vb.)",Örgü Yünü,0.0007407092696365,47,Giyim ve ayakkabı,Giyim,Diğer giysi çeşitleri ve giysi aksesuarları
321,Orta öğretim,Özel Lise Ücreti,0.0090204500582662,125,Eğitim,Orta öğretim,Orta öğretim
322,Üniversite eğitimi,Özel Üniversite Ücreti,0.0079575514032206,126,Eğitim,Üniversite eğitimi,Üniversite eğitimi
323,Okul öncesi eğitim ve ilköğretim,Özel İlköğretim Ücreti,0.0059092392288093,124,Eğitim,Okul öncesi eğitim ve ilköğretim,Okul öncesi eğitim ve ilköğretim
324,Elektrikli küçük ev aletleri,Ütü,0.0004959666622509,70,Ev eşyası,Ev aletleri,Elektrikli küçük ev aletleri
325,Taze meyveler,Üzüm,0.001840776017287,21,Gıda ve alkolsüz içecekler,Gıda,Meyveler
326,İlaçlar,İlaçlar,0.0080292891150583,81,Sağlık,"Tıbbi ürünler, aletler ve malzemeler",İlaçlar
327,Telefon (mobil ve sabit hat) ve internet ücretleri,İnternet Ücreti,0.0053919637044655,107,Haberleşme,Telefon ve telefaks hizmetleri,Telefon ve telefaks hizmetleri
328,Erkek giyim,İç Çamaşırı (Erkek için),0.0011041688865033,43,Giyim ve ayakkabı,Giyim,Giysiler
329,Kadın giyim,İç Çamaşırı (Kadın için),0.0022345599055185,44,Giyim ve ayakkabı,Giyim,Giysiler
330,Çocuk giyim,İç çamaşırı (Çocuk için),0.0004902533122897,45,Giyim ve ayakkabı,Giyim,Giysiler
331,Şarap,Şarap,0.0002875434678724,39,Alkollü içecekler ve tütün,Alkollü içecekler,Şarap
332,Taze meyveler,Şeftali,0.0009667482244207,21,Gıda ve alkolsüz içecekler,Gıda,Meyveler
333,Karayolu ile şehirler arası yolcu taşımacılığı,Şehirlerarası Otobüs Ücreti ,0.0047091772811597,101,Ulaştırma,Ulaştırma hizmetleri,Karayolu ile yolcu taşımacılığı
334,Makarna çeşitleri,Şehriye,0.0003995391215641,5,Gıda ve alkolsüz içecekler,Gıda,Ekmek ve tahıllar
335,Başka yerde sınıflandırılmamış diğer kişisel aksesuarlar,Şemsiye,0.0002901217092134,138,Çeşitli mal ve hizmetler,Başka yerde sınıflandırılamayan kişisel bakım ürünleri,Diğer kişisel aksesuarlar
